<?xml version="1.0" encoding="UTF-8"?>
<project-private xmlns="http://www.netbeans.org/ns/project-private/1">
    <editor-bookmarks xmlns="http://www.netbeans.org/ns/editor-bookmarks/2" lastBookmarkId="0"/>
    <open-files xmlns="http://www.netbeans.org/ns/projectui-open-files/2">
        <group>
            <file>file:/C:/Users/AT-Biblioteca/Desktop/Victor/Atividade/AtributoClasse/src/atributoClasse/Moto.java</file>
            <file>file:/C:/Users/AT-Biblioteca/Desktop/Victor/Atividade/AtributoClasse/src/atributoClasse/Principal.java</file>
            <file>file:/C:/Users/AT-Biblioteca/Desktop/Victor/Atividade/AtributoClasse/src/atributoClasse/PlanetaTerra.java</file>
        </group>
    </open-files>
</project-private>
