<?xml version="1.0" encoding="UTF-8"?>
<project-private xmlns="http://www.netbeans.org/ns/project-private/1">
    <editor-bookmarks xmlns="http://www.netbeans.org/ns/editor-bookmarks/2" lastBookmarkId="0"/>
    <open-files xmlns="http://www.netbeans.org/ns/projectui-open-files/2">
        <group>
            <file>file:/C:/Users/victo/Documents/NetBeansProjects/Encapsulamento/src/publicos/Principal.java</file>
            <file>file:/C:/Users/victo/Documents/NetBeansProjects/Encapsulamento/src/protegidos/Principal.java</file>
            <file>file:/C:/Users/victo/Documents/NetBeansProjects/Encapsulamento/src/publicos/Aula.java</file>
            <file>file:/C:/Users/victo/Documents/NetBeansProjects/Encapsulamento/src/protegidos/AulaP.java</file>
            <file>file:/C:/Users/victo/Documents/NetBeansProjects/Encapsulamento/src/publicos/Carro.java</file>
            <file>file:/C:/Users/victo/Documents/NetBeansProjects/Encapsulamento/src/protegidos/CarroP.java</file>
        </group>
    </open-files>
</project-private>
